-- phpMyAdmin SQL Dump
-- version 4.6.5.2
-- https://www.phpmyadmin.net/
--
-- Host: 127.0.0.1
-- Generation Time: Apr 09, 2021 at 10:41 AM
-- Server version: 5.6.21
-- PHP Version: 5.6.3

SET SQL_MODE = "NO_AUTO_VALUE_ON_ZERO";
SET time_zone = "+00:00";


/*!40101 SET @OLD_CHARACTER_SET_CLIENT=@@CHARACTER_SET_CLIENT */;
/*!40101 SET @OLD_CHARACTER_SET_RESULTS=@@CHARACTER_SET_RESULTS */;
/*!40101 SET @OLD_COLLATION_CONNECTION=@@COLLATION_CONNECTION */;
/*!40101 SET NAMES utf8mb4 */;

--
-- Database: `hotelms`
--

-- --------------------------------------------------------

--
-- Table structure for table `booking`
--

CREATE TABLE `booking` (
  `booking_id` int(10) NOT NULL,
  `customer_id` int(10) NOT NULL,
  `room_id` int(10) NOT NULL,
  `booking_date` timestamp NOT NULL DEFAULT CURRENT_TIMESTAMP,
  `check_in` varchar(100) DEFAULT NULL,
  `check_out` varchar(100) NOT NULL,
  `total_price` int(10) NOT NULL,
  `remaining_price` int(10) NOT NULL,
  `payment_status` tinyint(1) NOT NULL
) ENGINE=InnoDB DEFAULT CHARSET=latin1;

--
-- Dumping data for table `booking`
--

INSERT INTO `booking` (`booking_id`, `customer_id`, `room_id`, `booking_date`, `check_in`, `check_out`, `total_price`, `remaining_price`, `payment_status`) VALUES
(1, 1, 5, '2017-11-13 05:45:17', '13-11-2017', '15-11-2017', 3000, 3000, 0),
(2, 2, 2, '2017-11-13 05:46:04', '13-11-2017', '16-11-2017', 6000, 0, 1),
(3, 3, 2, '2017-11-11 06:49:19', '11-11-2017', '14-11-2017', 6000, 3000, 0),
(4, 4, 7, '2017-11-09 06:50:24', '11-11-2017', '15-11-2017', 10000, 10000, 0),
(5, 5, 13, '2017-11-17 06:59:10', '17-11-2017', '20-11-2017', 12000, 0, 1),
(6, 6, 9, '2021-04-08 09:45:56', '08-04-2021', '10-04-2021', 3000, 3000, 0),
(7, 7, 14, '2021-04-08 17:56:41', '08-04-2021', '10-04-2021', 16500, 11500, 0),
(8, 8, 22, '2021-04-09 08:32:57', '09-04-2021', '13-04-2021', 34500, 0, 1);


-- --------------------------------------------------------

--
-- Table structure for table `customer`
--

CREATE TABLE `customer` (
  `customer_id` int(10) NOT NULL,
  `customer_name` varchar(100) NOT NULL,
  `contact_no` bigint(20) NOT NULL,
  `email` varchar(100) NOT NULL,
  `id_card_type_id` int(10) NOT NULL,
  `id_card_no` varchar(20) NOT NULL,
  `address` varchar(100) NOT NULL
) ENGINE=InnoDB DEFAULT CHARSET=latin1;

--
-- Dumping data for table `customer`
--

INSERT INTO `customer` (`customer_id`, `customer_name`, `contact_no`, `email`, `id_card_type_id`, `id_card_no`, `address`) VALUES
(1, 'Billy S. Burke', 7540001240, 'billyb9@gmail.com', 1, '422510099122', '3166 Rockford Road'),
(2, 'John Mitchell', 2870214970, 'johnm@gmail.com', 2, '422510099122', '1954 Armory Road'),
(3, 'Beatriz M. Matthews', 1247778460, 'matthews@gmail.com', 1, '422510099122', '4879 Shearwood Forest Drive'),
(4, 'Kevin Johnson', 1478546500, 'kevin@gmail.com', 3, '0', '926 Richland Avenue\n'),
(5, 'Dwayne Scott', 2671249780, 'scottdway@gmail.com', 1, '422510099122', '4698 Columbia Road\n'),
(6, 'Bruno Denn', 1245554780, 'denbru@gmail.com', 4, 'AASS 12454784541', '4764 Warner Street\n'),
(7, 'Ric Austin', 2450006974, 'austinric@gmail.com', 1, '457896000002', '1680  Brownton Road'),
(8, 'Andrew Stuartt', 2457778450, 'andrew@gmail.com', 1, '147000245810', '766  Lodgeville Road');

-- --------------------------------------------------------

--
-- Table structure for table `id_card_type`
--

CREATE TABLE `id_card_type` (
  `id_card_type_id` int(10) NOT NULL,
  `id_card_type` varchar(100) NOT NULL
) ENGINE=InnoDB DEFAULT CHARSET=latin1;

--
-- Dumping data for table `id_card_type`
--

INSERT INTO `id_card_type` (`id_card_type_id`, `id_card_type`) VALUES
(1, 'National Identity Card'),
(2, 'Voter Id Card'),
(3, 'Pan Card'),
(4, 'Driving License');

-- --------------------------------------------------------

--
-- Table structure for table `room`
--

CREATE TABLE `room` (
  `room_id` int(10) NOT NULL,
  `room_type_id` int(10) NOT NULL,
  `room_no` varchar(10) NOT NULL,
  `status` tinyint(1) DEFAULT NULL,
  `check_in_status` tinyint(1) NOT NULL,
  `check_out_status` tinyint(1) NOT NULL,
  `deleteStatus` tinyint(1) DEFAULT '0'
) ENGINE=InnoDB DEFAULT CHARSET=latin1;

--
-- Dumping data for table `room`
--

INSERT INTO `room` (`room_id`, `room_type_id`, `room_no`, `status`, `check_in_status`, `check_out_status`, `deleteStatus`) VALUES
(1, 2, 'A-101', NULL, 0, 0, 1),
(2, 2, 'A-102', 1, 1, 1, 0),
(3, 3, 'A-103', NULL, 0, 0, 0),
(4, 4, 'A-104', NULL, 0, 0, 0),
(5, 1, 'B-101', 1, 0, 0, 0),
(6, 2, 'B-102', NULL, 0, 0, 1),
(7, 3, 'B-103', 1, 0, 0, 0),
(8, 4, 'B-104', NULL, 0, 0, 1),
(9, 1, 'C-101', 1, 0, 0, 0),
(10, 2, 'C-102', NULL, 0, 0, 0),
(11, 3, 'C-103', NULL, 0, 0, 1),
(12, 4, 'C-104', NULL, 0, 0, 0),
(13, 4, 'D-101', NULL, 0, 1, 1),
(14, 5, 'K-699', 1, 1, 0, 0),
(15, 5, 'K-799', NULL, 0, 0, 0),
(16, 5, 'K-899', NULL, 0, 0, 0),
(17, 6, 'M-333', NULL, 0, 0, 0),
(18, 6, 'M-444', NULL, 0, 0, 0),
(19, 6, 'M-555', NULL, 0, 0, 0),
(20, 9, 'P-696', NULL, 0, 0, 0),
(21, 10, 'M-966', NULL, 0, 0, 0),
(22, 10, 'M-869', NULL, 0, 1, 0),
(23, 8, 'Z-666', NULL, 0, 0, 0),
(24, 7, 'X-969', NULL, 0, 0, 0),
(25, 8, 'Z-111', NULL, 0, 0, 0),
(26, 6, 'M-135', NULL, 0, 0, 0);

-- --------------------------------------------------------

--
-- Table structure for table `room_type`
--

CREATE TABLE `room_type` (
  `room_type_id` int(10) NOT NULL,
  `room_type` varchar(100) NOT NULL,
  `price` int(10) NOT NULL,
  `max_person` int(10) NOT NULL
) ENGINE=InnoDB DEFAULT CHARSET=latin1;

--
-- Dumping data for table `room_type`
--

INSERT INTO `room_type` (`room_type_id`, `room_type`, `price`, `max_person`) VALUES
(1, 'Single', 1000, 1),
(2, 'Double', 1500, 2),
(3, 'Triple', 2000, 3),
(4, 'Family', 3000, 2),
(5, 'King Sized', 5500, 4),
(6, 'Master Suite', 6500, 6),
(7, 'Mini-Suite', 3600, 3),
(8, 'Connecting Rooms', 8000, 6),
(9, 'Presidential Suite', 21000, 4),
(10, 'Murphy Room', 6900, 3);
-- --------------------------------------------------------

--
-- Table structure for table `user`
--

CREATE TABLE `user` (
  `id` int(11) NOT NULL,
  `name` varchar(100) NOT NULL,
  `username` varchar(15) NOT NULL,
  `email` varchar(100) NOT NULL,
  `password` varchar(100) NOT NULL,
  `created_at` timestamp NOT NULL DEFAULT CURRENT_TIMESTAMP
) ENGINE=InnoDB DEFAULT CHARSET=latin1;

--
-- Dumping data for table `user`
--

INSERT INTO `user` (`id`, `name`, `username`, `email`, `password`, `created_at`) VALUES
(1, 'KavyashreeS', 'kavyashrees', 'kavyashree@gmail.com', 'fb1e75090b96d2e0abec0ec980c2f392', '2015-11-12 12:49:22'),
(3, '1DB19IS036', '1db19is036', '1db19is036@gmail.com', 'd0a512f262ed34abed0c45cefe08c429', '2016-04-01 12:49:22');

--
-- Indexes for dumped tables
--
-- Triggers `room`
--
DELIMITER $$
CREATE TRIGGER `DELETE` BEFORE DELETE ON `room` FOR EACH ROW INSERT INTO trig VALUES(null,OLD.room_no,'DELETED',NOW())
$$
DELIMITER ;
DELIMITER $$
CREATE TRIGGER `INSERT` AFTER INSERT ON `room` FOR EACH ROW INSERT INTO trig VALUES(null,NEW.room_no,'INSERTED',NOW())
$$
DELIMITER ;
DELIMITER $$
CREATE TRIGGER `UPDATE` AFTER UPDATE ON `room` FOR EACH ROW INSERT INTO trig VALUES(null,NEW.room_no,'UPDATED',NOW())
$$
DELIMITER ;
--
-- Table structure for table `trig`
--

CREATE TABLE `trig` (
  `tid` int(10) NOT NULL,
  `room_no` varchar(10) NOT NULL,
  `action` varchar(20) NOT NULL,
  `timestamp` datetime NOT NULL
) ENGINE=InnoDB DEFAULT CHARSET=utf8mb4;

-- --------------------------------------------------------
--
-- Indexes for table `booking`
--
ALTER TABLE `booking`
  ADD PRIMARY KEY (`booking_id`),
  ADD KEY `customer_id` (`customer_id`),
  ADD KEY `room_id` (`room_id`);

--
-- Indexes for table `customer`
--
ALTER TABLE `customer`
  ADD PRIMARY KEY (`customer_id`),
  ADD KEY `customer_id_type` (`id_card_type_id`);

--
-- Indexes for table `id_card_type`
--
ALTER TABLE `id_card_type`
  ADD PRIMARY KEY (`id_card_type_id`);

--
-- Indexes for table `room`
--
ALTER TABLE `room`
  ADD PRIMARY KEY (`room_id`),
  ADD KEY `room_type_id` (`room_type_id`);

--
-- Indexes for table `room_type`
--
ALTER TABLE `room_type`
  ADD PRIMARY KEY (`room_type_id`);

--
-- Indexes for table `user`
--
ALTER TABLE `user`
  ADD PRIMARY KEY (`id`);

--
-- AUTO_INCREMENT for dumped tables
--
-- Indexes for table `trig`
--
ALTER TABLE `trig`
  ADD PRIMARY KEY (`tid`);
--
-- AUTO_INCREMENT for table `booking`
--
ALTER TABLE `booking`
  MODIFY `booking_id` int(10) NOT NULL AUTO_INCREMENT, AUTO_INCREMENT=9;
--
-- AUTO_INCREMENT for table `customer`
--
ALTER TABLE `customer`
  MODIFY `customer_id` int(10) NOT NULL AUTO_INCREMENT, AUTO_INCREMENT=9;
--
-- AUTO_INCREMENT for table `id_card_type`
--
ALTER TABLE `id_card_type`
  MODIFY `id_card_type_id` int(10) NOT NULL AUTO_INCREMENT, AUTO_INCREMENT=5;
--
-- AUTO_INCREMENT for table `room`
--
ALTER TABLE `room`
  MODIFY `room_id` int(10) NOT NULL AUTO_INCREMENT, AUTO_INCREMENT=27;
--
-- AUTO_INCREMENT for table `room_type`
--
ALTER TABLE `room_type`
  MODIFY `room_type_id` int(10) NOT NULL AUTO_INCREMENT, AUTO_INCREMENT=11;
--
-- AUTO_INCREMENT for table `user`
--
ALTER TABLE `user`
  MODIFY `id` int(11) NOT NULL AUTO_INCREMENT, AUTO_INCREMENT=4;
--
-- Constraints for dumped tables
--

--
-- Constraints for table `booking`
--
ALTER TABLE `booking`
  ADD CONSTRAINT `booking_ibfk_1` FOREIGN KEY (`customer_id`) REFERENCES `customer` (`customer_id`),
  ADD CONSTRAINT `booking_ibfk_2` FOREIGN KEY (`room_id`) REFERENCES `room` (`room_id`);

--
-- Constraints for table `customer`
--
ALTER TABLE `customer`
  ADD CONSTRAINT `customer_ibfk_1` FOREIGN KEY (`id_card_type_id`) REFERENCES `id_card_type` (`id_card_type_id`);

--
-- Constraints for table `room`
--
ALTER TABLE `room`
  ADD CONSTRAINT `room_ibfk_1` FOREIGN KEY (`room_type_id`) REFERENCES `room_type` (`room_type_id`);

--
/*!40101 SET CHARACTER_SET_CLIENT=@OLD_CHARACTER_SET_CLIENT */;
/*!40101 SET CHARACTER_SET_RESULTS=@OLD_CHARACTER_SET_RESULTS */;
/*!40101 SET COLLATION_CONNECTION=@OLD_COLLATION_CONNECTION */;
